datum;commissie;webcastcode
2022-01-12;zzz Commissie Zorg, Onderwijs, Cultuur en Sport (2018-2022);gemeenterotterdam/21220112_1
2022-01-13;Actualiteitenraad;gemeenterotterdam/21220113_2
2022-01-19;zzz Commissie Bouwen, Wonen en Buitenruimte (2018-2022);gemeenterotterdam/21220119_3
2022-01-19;zzz Commissie Energietransitie, Duurzaamheid, Economie en Mobiliteit (2018-2022);gemeenterotterdam/21220119_1
2022-01-19;zzz Commissie Zorg, Onderwijs, Cultuur en Sport (2018-2022);gemeenterotterdam/21220119_2
2022-01-20;Actualiteitenraad;gemeenterotterdam/21220120_3
2022-01-20;zzz Commissie Majeure projecten, Organisatie en Financiën (2018-2022);gemeenterotterdam/21220120_1
2022-01-20;zzz Commissie Veiligheid en Bestuur (2018-2022);gemeenterotterdam/21220120_2
2022-01-25;zzz Commissie tot Onderzoek van de Rekening (2018-2022);gemeenterotterdam/21220125_1
2022-01-26;zzz Commissie Bouwen, Wonen en Buitenruimte (2018-2022);gemeenterotterdam/21220126_4
2022-01-26;zzz Commissie Energietransitie, Duurzaamheid, Economie en Mobiliteit (2018-2022);gemeenterotterdam/21220126_1
2022-01-26;zzz Commissie Werkgelegenheid, Inkomen, Integratie, Schuldenaanpak en Armoedebestrijding (2018-2022);gemeenterotterdam/21220126_2
2022-01-26;zzz Commissie Zorg, Onderwijs, Cultuur en Sport (2018-2022);gemeenterotterdam/21220126_3
2022-01-27;Actualiteitenraad;gemeenterotterdam/21220127_3
2022-01-27;zzz Commissie Majeure projecten, Organisatie en Financiën (2018-2022);gemeenterotterdam/21220127_1
2022-01-27;zzz Commissie Veiligheid en Bestuur (2018-2022);gemeenterotterdam/21220127_2
2022-02-08;zzz Commissie tot Onderzoek van de Rekening (2018-2022);gemeenterotterdam/21220208_1
2022-02-09;zzz Commissie Bouwen, Wonen en Buitenruimte (2018-2022);gemeenterotterdam/21220209_1
2022-02-09;zzz Commissie Energietransitie, Duurzaamheid, Economie en Mobiliteit (2018-2022);gemeenterotterdam/21220209_2
2022-02-09;zzz Commissie Zorg, Onderwijs, Cultuur en Sport (2018-2022);gemeenterotterdam/21220209_3
2022-02-10;Actualiteitenraad;gemeenterotterdam/21220210_3
2022-02-10;zzz Commissie Veiligheid en Bestuur (2018-2022);gemeenterotterdam/21220210_1
2022-02-10;zzz Commissie Veiligheid en Bestuur (2018-2022);gemeenterotterdam/21220210_2
2022-02-16;zzz Commissie Bouwen, Wonen en Buitenruimte (2018-2022);gemeenterotterdam/21220216_3
2022-02-16;zzz Commissie Energietransitie, Duurzaamheid, Economie en Mobiliteit (2018-2022);gemeenterotterdam/21220216_1
2022-02-16;zzz Commissie Werkgelegenheid, Inkomen, Integratie, Schuldenaanpak en Armoedebestrijding (2018-2022);gemeenterotterdam/21220216_2
2022-02-16;zzz Commissie Zorg, Onderwijs, Cultuur en Sport (2018-2022);gemeenterotterdam/21220216_4
2022-02-17;Actualiteitenraad;gemeenterotterdam/21220217_1
2022-02-17;zzz Commissie Majeure projecten, Organisatie en Financiën (2018-2022);gemeenterotterdam/21220217_2
2022-02-17;zzz Commissie Veiligheid en Bestuur (2018-2022);gemeenterotterdam/21220217_3
2022-03-08;zzz Commissie tot Onderzoek van de Rekening (2018-2022);gemeenterotterdam/21220308_1
2022-12-13;Commissie tot Onderzoek van de Rekening;gemeenterotterdam/20221213_2
2022-12-14;Commissie Bouwen, Wonen en Buitenruimte (2022-2026);gemeenterotterdam/20221214_1
2022-12-21;Commissie Bouwen, Wonen en Buitenruimte (2022-2026);gemeenterotterdam/20221221_1
2023-01-17;Commissie Mobiliteit, Haven, Economie en Klimaat (2022-2026);gemeenterotterdam/20230117_1
2023-01-19;Commissie Bestuur, Organisatie, Financiën en Veiligheid (2022 - 2026);gemeenterotterdam/20230119_1
2023-01-26;Commissie Bestuur, Organisatie, Financiën en Veiligheid (2022 - 2026);gemeenterotterdam/20230126_2
2024-02-29;Commissie Bestuur, Organisatie, Financiën en Veiligheid (2022 - 2026);gemeenterotterdam/20240229_2
2024-03-05;Commissie Werk & Inkomen, Onderwijs, Samenleven, Schuldhulpverlening & Armoedebestrijding, NPRZ;gemeenterotterdam/20240305_2
2024-03-06;Commissie Werk & Inkomen, Onderwijs, Samenleven, Schuldhulpverlening & Armoedebestrijding, NPRZ;gemeenterotterdam/20240306_1
2024-03-06;Commissie Zorg, Welzijn, Cultuur en Sport (2022 - 2026);gemeenterotterdam/20240306_4
2024-03-21;Commissie Bestuur, Organisatie, Financiën en Veiligheid (2022 - 2026);gemeenterotterdam/20240321_1
2024-04-18;Commissie Bestuur, Organisatie, Financiën en Veiligheid (2022 - 2026);gemeenterotterdam/20240418_1
2024-05-15;Commissie Werk & Inkomen, Onderwijs, Samenleven, Schuldhulpverlening & Armoedebestrijding, NPRZ;b6bafe84-d050-48d1-8cb9-b57796e0ec32
2024-05-22;Commissie Werk & Inkomen, Onderwijs, Samenleven, Schuldhulpverlening & Armoedebestrijding, NPRZ;gemeenterotterdam/20240522_4
2024-05-22;Commissie Zorg, Welzijn, Cultuur en Sport (2022 - 2026);f15b4655-e034-4802-bf88-c552ad65981d
2024-07-02;Subcommissie bestemmingsplannen Commissie Bouwen, Wonen en Buitenruimte (2022-2026);80458d1a-2b98-4a57-a2cc-a7cc745343f9
2024-10-24;Commissie Bestuur, Organisatie, Financiën en Veiligheid (2022 - 2026);gemeenterotterdam/20241024_1
2025-01-15;Commissie Zorg, Welzijn, Cultuur en Sport (2022 - 2026);gemeenterotterdam/20250115_3
2025-02-12;Commissie Mobiliteit, Haven, Economie en Klimaat (2022-2026);gemeenterotterdam/20250212_4
2025-02-19;Commissie Bouwen, Wonen en Buitenruimte (2022-2026);gemeenterotterdam/20250219_1
2025-03-05;Commissie Bouwen, Wonen en Buitenruimte (2022-2026);gemeenterotterdam/20250305_1
2025-03-06;Commissie Bestuur, Organisatie, Financiën en Veiligheid (2022 - 2026);gemeenterotterdam/20250306_1
2025-03-12;Commissie Mobiliteit, Haven, Economie en Klimaat (2022-2026);gemeenterotterdam/20250312_4
2025-04-02;Commissie Zorg, Welzijn, Cultuur en Sport (2022 - 2026);gemeenterotterdam/20250402_2
2025-05-21;Commissie Bouwen, Wonen en Buitenruimte (2022-2026);gemeenterotterdam/20250521_3
2025-06-12;Commissie Bestuur, Organisatie, Financiën en Veiligheid (2022 - 2026);gemeenterotterdam/20250612_2
2025-11-18;Subcommissie bestemmingsplannen Commissie Bouwen, Wonen en Buitenruimte (2022-2026);gemeenterotterdam/20251118_1
2026-01-13;Commissie Mobiliteit, Haven, Economie en Klimaat (2022-2026);gemeenterotterdam/20260113_2
2026-02-03;Commissie Mobiliteit, Haven, Economie en Klimaat (2022-2026);gemeenterotterdam/20260203_7
2026-04-22;Commissie Leefomgeving & Economie;gemeenterotterdam/20260422_3
